"Contributeur","Factor14","abs_Value"
"SYNCRIP",1,1
"ATF2",0.824897189996157,0.824897189996157
"UBA3",0.713857224906592,0.713857224906592
"CREBL2",0.572158315142299,0.572158315142299
