"Contributeur","Factor19","abs_Value"
"ATXN1",0.57398972640103,0.57398972640103
"TCF7",0.560805215832859,0.560805215832859
"PVT1",0.5086592304287,0.5086592304287
