"Analyse","Facteur_Significatif","High","Low","Total"
20,4,0.0488468685509984,4.13116352166925e-05,0.11029650617392
