"Contributeur","Factor19","abs_Value"
"FAM96B",0.599207363100903,0.599207363100903
"SF3A2",0.569090624294045,0.569090624294045
"CLCN5",0.545213559364725,0.545213559364725
"NAALADL1",0.537210642272026,0.537210642272026
"EIF3G",0.529730220088583,0.529730220088583
"MAD2L2",0.509540687775839,0.509540687775839
"ALOX5",0.501492471523713,0.501492471523713
