"Variable","Pvalue","Cor","Padjusted","Significativite"
"DNA_(pos≥40)",0.038561097433513,0.309496193466222,0.994345438998613,"Significatif"
"MDA_IGM",0.0106686216484758,0.390022949225931,0.890829907647731,"Significatif"
"Disease_duration_in_years",0.0163467628928832,0.517210098162672,0.909969801037163,"Significatif"
"CD8POS_CD4POS_TCELLS",0.0281110251055085,-0.584619317906288,0.938908238523985,"Significatif"
"GROWTHHORMONE",0.0252109245833286,-0.358065608167099,0.938908238523985,"Significatif"
"IL33",0.00255334194541772,-0.487672813974805,0.426408104884759,"Significatif"
