"Contributeur","Value","abs_Value"
"SOS2",-1,1
"NRIP1",-0.767165993382019,0.767165993382019
"CCPG1",-0.69545286041943,0.69545286041943
"PSMD14",-0.687842880847792,0.687842880847792
"NOC2L",0.657414521679602,0.657414521679602
"PAX6",-0.65056853183694,0.65056853183694
"C1QBP",-0.62736883732404,0.62736883732404
"RTN3",-0.613645308045065,0.613645308045065
"RAB32",-0.605783883651626,0.605783883651626
"GAB2",-0.605694991764921,0.605694991764921
"SHOC2",0.602148246282293,0.602148246282293
"B2M",0.599691638985978,0.599691638985978
"BACH1",0.595891454167008,0.595891454167008
"BRI3",-0.594267194052575,0.594267194052575
"ATP5F1E",-0.592767319117703,0.592767319117703
"PRAM1",-0.590316831354639,0.590316831354639
"RAB8B",0.584016749207838,0.584016749207838
"ADGRE3",-0.579578682374738,0.579578682374738
"NCOA1",0.579552028407689,0.579552028407689
"DTNA",-0.57496169852133,0.57496169852133
"MRPL19",-0.574876251705197,0.574876251705197
"PICALM",-0.571942774114066,0.571942774114066
"COX7A2",-0.569254304502354,0.569254304502354
"TP53",0.566682559321169,0.566682559321169
"MOCS2",0.559354984876594,0.559354984876594
"THSD7A",-0.553036544130039,0.553036544130039
"VPS13B",-0.552338826679678,0.552338826679678
"TKT",-0.542152795588641,0.542152795588641
"EVI2A",0.54035854843946,0.54035854843946
"SINHCAF",-0.536461992304256,0.536461992304256
"GSPT1",0.529611152164869,0.529611152164869
"NBEAL2",-0.525947999560844,0.525947999560844
"SNHG5",-0.525082969538414,0.525082969538414
"PIGX",0.521799499975205,0.521799499975205
"UQCR10",-0.521482462822929,0.521482462822929
"MYO9A",0.521339129755229,0.521339129755229
"BAZ2B",0.517991382427946,0.517991382427946
"NAALADL2",-0.516114589574691,0.516114589574691
"CMPK1",0.514576546884283,0.514576546884283
"POLR2B",-0.514131498162372,0.514131498162372
"PPP4R2",0.513752585729448,0.513752585729448
"MTX3",0.509895375926554,0.509895375926554
"SIGLEC9",-0.507011398559942,0.507011398559942
"UBE3D",0.505949274236955,0.505949274236955
"POLR2A",0.503218013222362,0.503218013222362
"TBL1X",-0.501644023940339,0.501644023940339
