"Variable","Pvalue","Cor","Padjusted","Significativite"
"CLM_(pos≥20)",0.0100715080439071,0.371812215352727,0.840970921666247,"Significatif"
"Disease_duration_in_years",0.00129006649348395,0.654348675735217,0.215441104411819,"Significatif"
"PFLC",0.0307537359086902,-0.315502819726827,0.868795441052297,"Significatif"
"IL1B",0.0164776977998267,0.465787886261675,0.868795441052297,"Significatif"
"IL22",0.021874644439156,0.708317135596173,0.868795441052297,"Significatif"
